cores/motifs,1,8,32,64,128
100,61.87820172,6.156269789,2.976623297,2.075086117,1.791370869
500,218.9133835,37.04279447,10.61436629,6.199148417,4.576715946
1000,500.9825552,78.34815693,20.52666569,11.28264928,7.588314056
2500,1182.756001,211.1294324,55.15943527,32.72970438,18.93712807
5000,3222.099553,410.5110984,107.2427144,65.74909639,34.41254163
